{
    "name": "root",
    "gauges": {
        "BlueyBehaviour.Policy.Entropy.mean": {
            "value": 1.4018523693084717,
            "min": 1.4018523693084717,
            "max": 1.4189382791519165,
            "count": 10
        },
        "BlueyBehaviour.Policy.Entropy.sum": {
            "value": 13979.271484375,
            "min": 13979.271484375,
            "max": 14277.357421875,
            "count": 10
        },
        "BlueyBehaviour.Environment.EpisodeLength.mean": {
            "value": 16.862745098039216,
            "min": 14.840189873417721,
            "max": 16.862745098039216,
            "count": 10
        },
        "BlueyBehaviour.Environment.EpisodeLength.sum": {
            "value": 9460.0,
            "min": 9370.0,
            "max": 9460.0,
            "count": 10
        },
        "BlueyBehaviour.Step.mean": {
            "value": 99994.0,
            "min": 9996.0,
            "max": 99994.0,
            "count": 10
        },
        "BlueyBehaviour.Step.sum": {
            "value": 99994.0,
            "min": 9996.0,
            "max": 99994.0,
            "count": 10
        },
        "BlueyBehaviour.Policy.ExtrinsicValueEstimate.mean": {
            "value": 3.9881978034973145,
            "min": -0.03481312096118927,
            "max": 3.9881978034973145,
            "count": 10
        },
        "BlueyBehaviour.Policy.ExtrinsicValueEstimate.sum": {
            "value": 2237.37890625,
            "min": -21.967079162597656,
            "max": 2237.37890625,
            "count": 10
        },
        "BlueyBehaviour.Environment.CumulativeReward.mean": {
            "value": 10.294759860863236,
            "min": 2.8644376594555547,
            "max": 10.294759860863236,
            "count": 10
        },
        "BlueyBehaviour.Environment.CumulativeReward.sum": {
            "value": 5775.360281944275,
            "min": 1807.460163116455,
            "max": 5775.360281944275,
            "count": 10
        },
        "BlueyBehaviour.Policy.ExtrinsicReward.mean": {
            "value": 10.294759860863236,
            "min": 2.8644376594555547,
            "max": 10.294759860863236,
            "count": 10
        },
        "BlueyBehaviour.Policy.ExtrinsicReward.sum": {
            "value": 5775.360281944275,
            "min": 1807.460163116455,
            "max": 5775.360281944275,
            "count": 10
        },
        "BlueyBehaviour.IsTraining.mean": {
            "value": 1.0,
            "min": 1.0,
            "max": 1.0,
            "count": 10
        },
        "BlueyBehaviour.IsTraining.sum": {
            "value": 1.0,
            "min": 1.0,
            "max": 1.0,
            "count": 10
        },
        "BlueyBehaviour.Losses.PolicyLoss.mean": {
            "value": 0.04797019118952573,
            "min": 0.04261100794483199,
            "max": 0.05877217994684465,
            "count": 9
        },
        "BlueyBehaviour.Losses.PolicyLoss.sum": {
            "value": 0.04797019118952573,
            "min": 0.04261100794483199,
            "max": 0.05877217994684465,
            "count": 9
        },
        "BlueyBehaviour.Losses.ValueLoss.mean": {
            "value": 24.196059080270622,
            "min": 14.532594212100037,
            "max": 24.196059080270622,
            "count": 9
        },
        "BlueyBehaviour.Losses.ValueLoss.sum": {
            "value": 24.196059080270622,
            "min": 14.532594212100037,
            "max": 24.196059080270622,
            "count": 9
        },
        "BlueyBehaviour.Policy.LearningRate.mean": {
            "value": 9.999099070900929e-05,
            "min": 9.999099070900929e-05,
            "max": 9.999899890100113e-05,
            "count": 9
        },
        "BlueyBehaviour.Policy.LearningRate.sum": {
            "value": 9.999099070900929e-05,
            "min": 9.999099070900929e-05,
            "max": 9.999899890100113e-05,
            "count": 9
        },
        "BlueyBehaviour.Policy.Epsilon.mean": {
            "value": 0.19999099070000004,
            "min": 0.19999099070000004,
            "max": 0.19999899889999997,
            "count": 9
        },
        "BlueyBehaviour.Policy.Epsilon.sum": {
            "value": 0.19999099070000004,
            "min": 0.19999099070000004,
            "max": 0.19999899889999997,
            "count": 9
        },
        "BlueyBehaviour.Policy.Beta.mean": {
            "value": 0.0049995504359300015,
            "min": 0.0049995504359300015,
            "max": 0.004999950045110001,
            "count": 9
        },
        "BlueyBehaviour.Policy.Beta.sum": {
            "value": 0.0049995504359300015,
            "min": 0.0049995504359300015,
            "max": 0.004999950045110001,
            "count": 9
        }
    },
    "metadata": {
        "timer_format_version": "0.1.0",
        "start_time_seconds": "1715383256",
        "python_version": "3.7.16 (default, Jan 17 2023, 16:06:28) [MSC v.1916 64 bit (AMD64)]",
        "command_line_arguments": "C:\\Users\\Fanni\\.conda\\envs\\unity\\Scripts\\mlagents-learn config.yaml --run-id NoFurnitureRun4_MoreRealisticBalloon",
        "mlagents_version": "0.28.0",
        "mlagents_envs_version": "0.28.0",
        "communication_protocol_version": "1.5.0",
        "pytorch_version": "1.7.1+cu110",
        "numpy_version": "1.21.6",
        "end_time_seconds": "1715383541"
    },
    "total": 285.0243321,
    "count": 1,
    "self": 0.01045249999998532,
    "children": {
        "run_training.setup": {
            "total": 0.1267355000000001,
            "count": 1,
            "self": 0.1267355000000001
        },
        "TrainerController.start_learning": {
            "total": 284.8871441,
            "count": 1,
            "self": 0.7238779000036857,
            "children": {
                "TrainerController._reset_env": {
                    "total": 20.339363600000002,
                    "count": 1,
                    "self": 20.339363600000002
                },
                "TrainerController.advance": {
                    "total": 263.6160414999963,
                    "count": 15732,
                    "self": 0.30342649999641935,
                    "children": {
                        "env_step": {
                            "total": 263.3126149999999,
                            "count": 15732,
                            "self": 206.78103869999734,
                            "children": {
                                "SubprocessEnvManager._take_step": {
                                    "total": 56.24787510000237,
                                    "count": 15732,
                                    "self": 1.151481100001,
                                    "children": {
                                        "TorchPolicy.evaluate": {
                                            "total": 55.09639400000137,
                                            "count": 11170,
                                            "self": 20.4485453000038,
                                            "children": {
                                                "TorchPolicy.sample_actions": {
                                                    "total": 34.64784869999757,
                                                    "count": 11170,
                                                    "self": 34.64784869999757
                                                }
                                            }
                                        }
                                    }
                                },
                                "workers": {
                                    "total": 0.28370120000017707,
                                    "count": 15732,
                                    "self": 0.0,
                                    "children": {
                                        "worker_root": {
                                            "total": 265.3812511999988,