{
    "name": "root",
    "metadata": {
        "timer_format_version": "0.1.0",
        "start_time_seconds": "1714579731",
        "python_version": "3.7.16 (default, Jan 17 2023, 16:06:28) [MSC v.1916 64 bit (AMD64)]",
        "command_line_arguments": "C:\\Users\\Fanni\\.conda\\envs\\unity\\Scripts\\mlagents-learn config.yaml --run-id TestRun1",
        "mlagents_version": "0.28.0",
        "mlagents_envs_version": "0.28.0",
        "communication_protocol_version": "1.5.0",
        "pytorch_version": "1.7.1+cu110",
        "numpy_version": "1.21.6",
        "end_time_seconds": "1714579872"
    },
    "total": 141.5609069,
    "count": 1,
    "self": 0.012344799999993938,
    "children": {
        "run_training.setup": {
            "total": 0.26555589999999896,
            "count": 1,
            "self": 0.26555589999999896
        },
        "TrainerController.start_learning": {
            "total": 141.2830062,
            "count": 1,
            "self": 0.0002306999999461823,
            "children": {
                "TrainerController._reset_env": {
                    "total": 18.1262761,
                    "count": 1,
                    "self": 18.1262761
                },
                "TrainerController.advance": {
                    "total": 122.54117590000001,
                    "count": 1,
                    "self": 3.1600000028220165e-05,
                    "children": {
                        "env_step": {
                            "total": 122.54114429999998,
                            "count": 1,
                            "self": 122.54113399999999,
                            "children": {
                                "SubprocessEnvManager._take_step": {
                                    "total": 1.0299999999574538e-05,
                                    "count": 1,
                                    "self": 1.0299999999574538e-05
                                }
                            }
                        }
                    }
                },
                "TrainerController._save_models": {
                    "total": 0.6153235000000166,
                    "count": 1,
                    "self": 0.037041100000010374,
                    "children": {
                        "RLTrainer._checkpoint": {
                            "total": 0.5782824000000062,
                            "count": 1,
                            "self": 0.5782824000000062
                        }
                    }
                }
            }
        }
    }
}