{"count":1,"self":73.9530176,"total":277.2444938,"children":{"InitializeActuators":{"count":9,"self":0.0029966999999999997,"total":0.0029966999999999997,"children":null},"InitializeSensors":{"count":9,"self":0.0035214,"total":0.0035214,"children":null},"AgentSendState":{"count":55651,"self":12.1046336,"total":41.855957599999996,"children":{"CollectObservations":{"count":100179,"self":0.1333239,"total":0.1333239,"children":null},"WriteActionMask":{"count":100179,"self":0.10722469999999999,"total":0.10722469999999999,"children":null},"RequestDecision":{"count":100179,"self":0.5595591,"total":29.5107757,"children":{"AgentInfo.ToProto":{"count":100179,"self":0.58241369999999992,"total":28.9512166,"children":{"GenerateSensorData":{"count":100179,"self":27.888336,"total":28.3688029,"children":{"RayPerceptionSensor.Perceive":{"count":100179,"self":0.48046809999999995,"total":0.48046809999999995,"children":null}}}}}}}}},"DecideAction":{"count":55651,"self":158.9178112,"total":158.9178159,"children":null},"AgentAct":{"count":55651,"self":1.2874577999999999,"total":1.3195196999999999,"children":{"AgentInfo.ToProto":{"count":67,"self":0.001036,"total":0.0320619,"children":{"GenerateSensorData":{"count":67,"self":0.029024499999999998,"total":0.0310259,"children":{"RayPerceptionSensor.Perceive":{"count":67,"self":0.0020014,"total":0.0020014,"children":null}}}}}}},"AgentInfo.ToProto":{"count":3399,"self":0.0284049,"total":1.1906653999999999,"children":{"GenerateSensorData":{"count":3399,"self":1.1367718,"total":1.1622605,"children":{"RayPerceptionSensor.Perceive":{"count":3399,"self":0.0254887,"total":0.0254887,"children":null}}}}}},"gauges":{"BlueyBehaviour.CumulativeReward":{"count":3466,"max":3.96515846,"min":-50.149,"runningAverage":-10.4031076,"value":-10.01651,"weightedAverage":-9.677219}},"metadata":{"timer_format_version":"0.1.0","start_time_seconds":"1714656557","unity_version":"2023.2.18f1","command_line_arguments":"D:\\Unity_2023\\Editor\\Unity.exe -projectpath E:\\Projects\\Keepy_Uppy -useHub -hubIPC -cloudEnvironment production -licensingIpc LicenseClient-Fanni -hubSessionId c7e3a146-4cdd-450f-8589-d9425d29ec47 -accessToken DGioryhdHt3AA1s3Jj0F6pl7BVArj3Hu1dyL-4HJQg0007f","communication_protocol_version":"1.5.0","com.unity.ml-agents_version":"2.0.1","scene_name":"SampleScene","end_time_seconds":"1714656835"}}