{"count":1,"self":5122.9810688,"total":21759.9660524,"children":{"InitializeActuators":{"count":9,"self":0.00096959999999999993,"total":0.00096959999999999993,"children":null},"InitializeSensors":{"count":9,"self":0.0029971,"total":0.0029971,"children":null},"AgentSendState":{"count":4831186,"self":1227.0553088,"total":1795.1462883,"children":{"CollectObservations":{"count":8696142,"self":29.7542816,"total":29.754281,"children":null},"WriteActionMask":{"count":8696142,"self":8.4811567999999991,"total":8.481157,"children":null},"RequestDecision":{"count":8696142,"self":35.5949696,"total":529.85558029999993,"children":{"AgentInfo.ToProto":{"count":8696142,"self":31.529427199999997,"total":494.260611,"children":{"GenerateSensorData":{"count":8696142,"self":428.382976,"total":462.7311846,"children":{"RayPerceptionSensor.Perceive":{"count":8696142,"self":34.3481952,"total":34.3481959,"children":null}}}}}}}}},"DecideAction":{"count":4831186,"self":14681.7368064,"total":14681.7365005,"children":null},"AgentAct":{"count":4831186,"self":139.2827136,"total":139.420495,"children":{"AgentInfo.ToProto":{"count":1999,"self":0.016947999999999998,"total":0.1377825,"children":{"GenerateSensorData":{"count":1999,"self":0.1082123,"total":0.1208345,"children":{"RayPerceptionSensor.Perceive":{"count":1999,"self":0.0126222,"total":0.0126222,"children":null}}}}}}},"AgentInfo.ToProto":{"count":274940,"self":2.4461679999999997,"total":20.6778154,"children":{"GenerateSensorData":{"count":274940,"self":16.6730272,"total":18.2316474,"children":{"RayPerceptionSensor.Perceive":{"count":274940,"self":1.5586202,"total":1.5586202,"children":null}}}}}},"gauges":{"BlueyBehaviour.CumulativeReward":{"count":276939,"max":22746.0859,"min":-2.3099916,"runningAverage":53.0606232,"value":18.1299667,"weightedAverage":31.3289413}},"metadata":{"timer_format_version":"0.1.0","start_time_seconds":"1715552112","unity_version":"2023.2.18f1","command_line_arguments":"D:\\Unity_2023\\Editor\\Unity.exe -projectpath E:\\Projects\\Keepy_Uppy -useHub -hubIPC -cloudEnvironment production -licensingIpc LicenseClient-Fanni -hubSessionId 70a57df1-1850-4b20-9891-39e9eccbbf82 -accessToken ZXDXWnwh2lZtArsHttAtf82nAZhkVNFPvl_6Vy5XTTM007f","communication_protocol_version":"1.5.0","com.unity.ml-agents_version":"2.0.1","scene_name":"SampleScene 1","end_time_seconds":"1715573872"}}