{
    "name": "root",
    "metadata": {
        "timer_format_version": "0.1.0",
        "start_time_seconds": "1714582707",
        "python_version": "3.7.16 (default, Jan 17 2023, 16:06:28) [MSC v.1916 64 bit (AMD64)]",
        "command_line_arguments": "C:\\Users\\Fanni\\.conda\\envs\\unity\\Scripts\\mlagents-learn config.yaml --run-id TestRun5 --no-graphics",
        "mlagents_version": "0.28.0",
        "mlagents_envs_version": "0.28.0",
        "communication_protocol_version": "1.5.0",
        "pytorch_version": "1.7.1+cu110",
        "numpy_version": "1.21.6",
        "end_time_seconds": "1714582841"
    },
    "total": 134.2571394,
    "count": 1,
    "self": 0.007096100000012484,
    "children": {
        "run_training.setup": {
            "total": 0.11660979999999999,
            "count": 1,
            "self": 0.11660979999999999
        },
        "TrainerController.start_learning": {
            "total": 134.1334335,
            "count": 1,
            "self": 0.0006643999999766947,
            "children": {
                "TrainerController._reset_env": {
                    "total": 17.7753808,
                    "count": 1,
                    "self": 17.7753808
                },
                "TrainerController.advance": {
                    "total": 115.85639619999999,
                    "count": 1,
                    "self": 2.5899999997136547e-05,
                    "children": {
                        "env_step": {
                            "total": 115.8563703,
                            "count": 1,
                            "self": 115.8563569,
                            "children": {
                                "SubprocessEnvManager._take_step": {
                                    "total": 1.3400000000274304e-05,
                                    "count": 1,
                                    "self": 1.3400000000274304e-05
                                }
                            }
                        }
                    }
                },
                "trainer_threads": {
                    "total": 2.500000022109816e-06,
                    "count": 1,
                    "self": 2.500000022109816e-06
                },
                "TrainerController._save_models": {
                    "total": 0.5009895999999969,
                    "count": 1,
                    "self": 0.023224600000020246,
                    "children": {
                        "RLTrainer._checkpoint": {
                            "total": 0.4777649999999767,
                            "count": 1,
                            "self": 0.4777649999999767
                        }
                    }
                }
            }
        }
    }
}